[
  {
    "id": "1",
    "name": "EPA Approved Chemicals",
    "data": [
      {
        "Pro_id": "1",
        "Pro_Name": "ENVIROCIDE",
        "Pro_Description": "Disinfectant and Cleaner: Jug, 1 gal Container Size, Ready to Use, Liquid, Alcohol",
        "Pro_Price": "$81.12",
        "Pro_Img": "./images/product-image/p1.jpg"
      },
      {
        "Pro_id": "2",
        "Pro_Name": "CITRUS II",
        "Pro_Description": "Deodorizing Cleaner: Jug, 1 gal Container Size, Ready to Use, Liquid, Alcohol, Citrus:",
        "Pro_Price": "$71.52",
        "Pro_Img": "./images/product-image/p2.jpg"
      },

      {
        "Pro_id": "4",
        "Pro_Name": "FIBERLOCK TECHNOLOGIES ",
        "Pro_Description": "Disinfectant/Sanitizer: Jug, 1 gal Container Size, Concentrated, Liquid",
        "Pro_Price": "$102.78",
        "Pro_Img": "./images/product-image/p4.jpg"
      },
      {
        "Pro_id": "5",
        "Pro_Name": "CAVICIDE ",
        "Pro_Description": "Surface Disinfectant/Decontaminant Cleaner: Jug, 1 gal Container Size, Ready to Use, Liquid",
        "Pro_Price": "$67.64",
        "Pro_Img": "./images/product-image/p5.jpg"
      },
      {
        "Pro_id": "6",
        "Pro_Name": "Virex 11",
        "Pro_Description": "DIVERSEY One Step Disinfectant Cleaner and Deodorant: Jug, 1 gal Container Size, Concentrated, Quarter",
        "Pro_Price": "$82.98",
        "Pro_Img": "./images/product-image/p6.jpg"
      }
    ]
  },
  {
    "id": "2",
    "name": "Hypoallergenmic",
    "data": [
      {
        "Pro_id": "7",
        "Pro_Name": "Betco",
        "Pro_Description": "Disinfectant, Hospital-Grade, No Rinse, 1 Gal, 4/Ct, Clear",
        "Pro_Price": "$89.62",
        "Pro_Img": "./images/product-image/p7.jpg"
      },
      {
        "Pro_id": "8",
        "Pro_Name": "Sanitizing Rinse",
        "Pro_Description": "Hospital Grade Disinfecting and Sanitizing Rinse SR-22 Concentrate- Makes 516 Gallons of Sanitizer",
        "Pro_Price": "$79.96",
        "Pro_Img": "./images/product-image/p8.jpg"
      },
      {
        "Pro_id": "9",
        "Pro_Name": "Anti-Allergen PreSpray",
        "Pro_Description": "ANTI ALLERGEN PRESPRAY CG52GL - HYPO ALLERGENIC - 5 ONE GALLON JUGS PER CASE",
        "Pro_Price": "$101.45",
        "Pro_Img": "./images/product-image/p9.png"
      },
      {
        "Pro_id": "10",
        "Pro_Name": "ECO Pro",
        "Pro_Description": "ECOS Pro 5 gal. Pail High Efficiency Liquid Laundry Detergent",
        "Pro_Price": "$74.59",
        "Pro_Img": "./images/product-image/p10.jpg"
      }
    ]
  },
  {
    "id": "3",
    "name": "Bleaches",
    "data": [
      {
        "Pro_id": "11",
        "Pro_Name": "Clorox Healthcare",
        "Pro_Description": "Bleach Germicidal Wipes, 6 X 5,150 Wipes Per Canister, Case Of 6 Canisters",
        "Pro_Price": "$98.46",
        "Pro_Img": "./images/product-image/p11.jpg"
      },
      {
        "Pro_id": "12",
        "Pro_Name": "Comet",
        "Pro_Description": "Disinfecting Cleaner Spray With Bleach, 32 Oz Bottle, Case Of 8 (4 Trigger Per Case)",
        "Pro_Price": "$94.045",
        "Pro_Img": "./images/product-image/p12.png"
      },
      {
        "Pro_id": "13",
        "Pro_Name": "Kik Ultra",
        "Pro_Description": "Kik Ultra-Germicidal Bleach, ​1 Gallon, Case Of 6",
        "Pro_Price": "$62.52",
        "Pro_Img": "./images/product-image/p13.png"
      },
      {
        "Pro_id": "14",
        "Pro_Name": "Bleach",
        "Pro_Description": "1 gal Container Size, Ready to Use, Liquid, Bleach, Chlorine, 6 PK",
        "Pro_Price": "$51.42",
        "Pro_Img": "./images/product-image/p14.jpg"
      }
    ]
  },
  {
    "id": "4",
    "name": "Green Cleaning Products",
    "data": [
      {
        "Pro_id": "15",
        "Pro_Name": "Noble Eco Enzo-Kleen ",
        "Pro_Description": "Noble Eco Enzo-Kleen 1 Gallon Concentrated No Rinse Floor Cleaner",
        "Pro_Price": "$12.99",
        "Pro_Img": "./images/product-image/p15.jpg"
      },
      {
        "Pro_id": "16",
        "Pro_Name": "Simple Green",
        "Pro_Description": "Liquid 5 gal. Industrial Cleaner and Degreaser, Pail",
        "Pro_Price": "$78.49",
        "Pro_Img": "./images/product-image/p16.jpg"
      },
      {
        "Pro_id": "17",
        "Pro_Name": "SAL SUDS",
        "Pro_Description": "BIODEGRADABLE CLEANER",
        "Pro_Price": "$66.99",
        "Pro_Img": "./images/product-image/p17.png"
      },
      {
        "Pro_id": "18",
        "Pro_Name": "OdoBan 911062-5G",
        "Pro_Description": "5 Gallon Concentrated Eucalyptus Disinfectant / Air Freshener",
        "Pro_Price": "$81.99",
        "Pro_Img": "./images/product-image/p18.png"
      }
    ]
  },
  {
    "id": "5",
    "name": "Cleaners & Degreasers",
    "data": [
      {
        "Pro_id": "19",
        "Pro_Name": "Zep",
        "Pro_Description": "HEAVY-DUTY CITRUS DEGREASER - 3 GALLON",
        "Pro_Price": "$60.88",
        "Pro_Img": "./images/product-image/p19.png"
      },
      {
        "Pro_id": "20",
        "Pro_Name": "Zep",
        "Pro_Description": "INDUSTRIAL PURPLE CLEANER AND DEGREASER CONCENTRATE - 5 GALLON",
        "Pro_Price": "$72.99",
        "Pro_Img": "./images/product-image/p20.png"
      },
      {
        "Pro_id": "21",
        "Pro_Name": "RED RIPPER",
        "Pro_Description": "Degreaser and All Purpose Cleaner",
        "Pro_Price": "$59.95",
        "Pro_Img": "./images/product-image/p21.png"
      },
      {
        "Pro_id": "22",
        "Pro_Name": "Oil Eater",
        "Pro_Description": "Oil Eater 5 gal. Cleaner Degreaser Pail",
        "Pro_Price": "$73.80",
        "Pro_Img": "./images/product-image/p22.jpg"
      }
    ]
  },
  {
    "id": "6",
    "name": "Surface Disinfectants",
    "data": [
      {
        "Pro_id": "23",
        "Pro_Name": "LEMONEX III",
        "Pro_Description": "CONCENTRATED QUAT DISINFECTANT CLEANER - 1 GALLON",
        "Pro_Price": "$119.51",
        "Pro_Img": "./images/product-image/p23.png"
      },
      {
        "Pro_id": "24",
        "Pro_Name": "APRIZA II",
        "Pro_Description": "OXIDIZING ALL-PURPOSE CLEANER AND SANITIZER - 1 GALLON",
        "Pro_Price": "$109.21",
        "Pro_Img": "./images/product-image/p24.png"
      },
      {
        "Pro_id": "25",
        "Pro_Name": "Zep",
        "Pro_Description": "QUICK CLEAN DISINFECTANT - 5 GALLON",
        "Pro_Price": "$76.99",
        "Pro_Img": "./images/product-image/p25.png"
      },
      {
        "Pro_id": "26",
        "Pro_Name": "Zep",
        "Pro_Description": "PEROXIDE DISINFECTANT AND CLEANER - 1 GALLON",
        "Pro_Price": "$74.99",
        "Pro_Img": "./images/product-image/p26.png"
      }
    ]
  },
  {
    "id": "7",
    "name": "Sanitizers",
    "data": [
      {
        "Pro_id": "27",
        "Pro_Name": "Red 22 Multi-Quat Sanitizer",
        "Pro_Description": "Red 22 Multi-Quat Sanitizer - 1 Gal",
        "Pro_Price": "$88.55",
        "Pro_Img": "./images/product-image/p27.png"
      },
      {
        "Pro_id": "28",
        "Pro_Name": "SANI-T",
        "Pro_Description": "SANI-T CONCENTRATED SANITIZER 128 OUNCES PER GALLON 4 GALLONS",
        "Pro_Price": "$93.28",
        "Pro_Img": "./images/product-image/p28.png"
      },
      {
        "Pro_id": "29",
        "Pro_Name": "Ultra Professional",
        "Pro_Description": "Ultra Professional Chlorine Sanitizer - 5 Gallon",
        "Pro_Price": "$77.44",
        "Pro_Img": "./images/product-image/p29.png"
      },
      {
        "Pro_id": "30",
        "Pro_Name": "Ultra Professional Sanitizer",
        "Pro_Description": "Ultra Professional Sanitizer - 5 Gallon",
        "Pro_Price": "$94.24",
        "Pro_Img": "./images/product-image/p30.png"
      }
    ]
  },
  {
    "id": "8",
    "name": "Calcium, Lime and Rust removers​",
    "data": [
      {
        "Pro_id": "31",
        "Pro_Name": "CLR PRO CL4PROEA",
        "Pro_Description": "Calcium, Lime and Rust Remover, 28 oz Bottle",
        "Pro_Price": "$36.80",
        "Pro_Img": "./images/product-image/p31.jpg"
      },
      {
        "Pro_id": "32",
        "Pro_Name": "Zep",
        "Pro_Description": "INDUSTRIAL CALCIUM & LIME REMOVER - 1 GALLON - PRO GRADE FORMULA SAFE ON STAINLESS STEEL, ALUMINUM, GLASS, PLASTIC AND CERAMIC SURFACES",
        "Pro_Price": "$113.46",
        "Pro_Img": "./images/product-image/p32.png"
      },
      {
        "Pro_id": "33",
        "Pro_Name": "ChemWorld Rust",
        "Pro_Description": "ChemWorld Rust S2: Rust, Oxide, Scale, & Corrosion Removers - 5 Gallons",
        "Pro_Price": "$156.95",
        "Pro_Img": "./images/product-image/p33.jpg"
      },
      {
        "Pro_id": "34",
        "Pro_Name": "Zep",
        "Pro_Description": "CONCENTRATED CALCIUM, LIME REMOVER - 1 & RUST STAIN GALLON",
        "Pro_Price": "$72.81",
        "Pro_Img": "./images/product-image/p34.png"
      }
    ]
  },
  {
    "id": "9",
    "name": "Floor Care​​",
    "data": [
      {
        "Pro_id": "35",
        "Pro_Name": "Fresh Products ",
        "Pro_Description": "Fresh Products Eco Clip Air Fresheners 20/Pack",
        "Pro_Price": "$49.95",
        "Pro_Img": "./images/product-image/p35.png"
      },
      {
        "Pro_id": "36",
        "Pro_Name": "ISI Odor Slap - Odor ",
        "Pro_Description": "ISI Odor Slap - Odor Remover",
        "Pro_Price": "$34.9",
        "Pro_Img": "./images/product-image/p36.png"
      },
      {
        "Pro_id": "37",
        "Pro_Name": "Aerosol Spray Can",
        "Pro_Description": "TOUGH GUY Air Freshener: Aerosol Spray Can, 10 oz Container Size, Liquid, Ready to Use",
        "Pro_Price": "$24.24",
        "Pro_Img": "./images/product-image/p37.jpg"
      },
      {
        "Pro_id": "38",
        "Pro_Name": "OdoBan Professional ",
        "Pro_Description": "OdoBan Professional Cleaning Ready-to-Use Liquid Air Freshener, 1 Gallon Scent",
        "Pro_Price": "$50.49",
        "Pro_Img": "./images/product-image/p38.png"
      }
    ]
  },
  {
    "id": "10",
    "name": "Carpet and Upholstery​​​",
    "data": [
      {
        "Pro_id": "39",
        "Pro_Name": "Glass Cleaner",
        "Pro_Description": "Prime Solutions Professional Glass Cleaner Concentrate, 5 gal. ",
        "Pro_Price": "$99.99",
        "Pro_Img": "./images/product-image/p39.png"
      },
      {
        "Pro_id": "40",
        "Pro_Name": "Betco",
        "Pro_Description": "Betco Deep Blue Concentrate Glass Cleaner (1 GL) 2x",
        "Pro_Price": "$82.09",
        "Pro_Img": "./images/product-image/p40.jpg"
      },
      {
        "Pro_id": "41",
        "Pro_Name": "Glance NA",
        "Pro_Description": "DIVERSEY Glass and Multi-Surface Cleaner Concentrate: Glance NA, 2, 2.5 L, Unscented, 2 PK",
        "Pro_Price": "$276.62",
        "Pro_Img": "./images/product-image/p41.jpg"
      },
      {
        "Pro_id": "42",
        "Pro_Name": "TOUGH GUY Glass Cleaner",
        "Pro_Description": "Liquid, Jug, 1 gal, Ammonia Free, Unscented",
        "Pro_Price": "$46.00",
        "Pro_Img": "./images/product-image/p42.jpg"
      }
    ]
  },
  {
    "id": "11",
    "name": "Food Service Chemicals​​​",
    "data": [
      {
        "Pro_id": "43",
        "Pro_Name": "Zep",
        "Pro_Description": "HOME PRO FOAMING MIRACLE GROUT CLEANER & PROTECTANT - 32 FL.OZ",
        "Pro_Price": "$57.53",
        "Pro_Img": "./images/product-image/p43.png"
      },
      {
        "Pro_id": "44",
        "Pro_Name": "ZEPARADE SEALER",
        "Pro_Description": "",
        "Pro_Price": "$106.47",
        "Pro_Img": "./images/product-image/p44.png"
      },
      {
        "Pro_id": "45",
        "Pro_Name": "Zep Floor Cleaner",
        "Pro_Description": "GREEN LINK NEUTRAL FLOOR CLEANER",
        "Pro_Price": "$84.0",
        "Pro_Img": "./images/product-image/p45.png"
      },
      {
        "Pro_id": "46",
        "Pro_Name": "Zep Floor stripper",
        "Pro_Description": "HEAVY-DUTY FLOOR STRIPPER CONCENTRATE",
        "Pro_Price": "$86",
        "Pro_Img": "./images/product-image/p46.png"
      },
      {
        "Pro_id": "47",
        "Pro_Name": "Zep Multi-surface floor Cleaner",
        "Pro_Description": "READY TO USE MULTI-SURFACE FLOOR CLEANER - 1 GALLON",
        "Pro_Price": "$43.44",
        "Pro_Img": "./images/product-image/p47.png"
      }
    ]
  },
  {
    "id": "12",
    "name": "HouseKeeping Chemicals​​​​",
    "data": [
      {
        "Pro_id": "48",
        "Pro_Name": "NSTANT SPOT AND STAIN REMOVER ",
        "Pro_Description": "NSTANT SPOT AND STAIN REMOVER - 19 OZ",
        "Pro_Price": "$59.54",
        "Pro_Img": "./images/product-image/p48.png"
      },
      {
        "Pro_id": "49",
        "Pro_Name": "PET STAIN AND ODOR REMOVER ",
        "Pro_Description": "PET STAIN AND ODOR REMOVER - 32 OZ. CASE OF 14",
        "Pro_Price": "$74.99",
        "Pro_Img": "./images/product-image/p49.png"
      },
      {
        "Pro_id": "50",
        "Pro_Name": "ENFORCER FLEA KILLER",
        "Pro_Description": "ENFORCER FLEA KILLER FOR CARPET FRESH LINEN - 20 OZ",
        "Pro_Price": "$95.04",
        "Pro_Img": "./images/product-image/p50.png"
      },
      {
        "Pro_id": "51",
        "Pro_Name": "AIR AND FABRIC ODOR ELIMINATOR ",
        "Pro_Description": "AIR AND FABRIC ODOR ELIMINATOR - 1 GALLON, Case of 6",
        "Pro_Price": "$58.52",
        "Pro_Img": "./images/product-image/p51.png"
      }
    ]
  },
  {
    "id": "13",
    "name": "Ready To Use Deorderizer/Air Freshness​​​​​",
    "data": [
      {
        "Pro_id": "52",
        "Pro_Name": "Spic & span​",
        "Pro_Description": "Spic and Span Floor and Multi-surface Cleaner",
        "Pro_Price": "$38.79",
        "Pro_Img": "./images/product-image/p52.png"
      },
      {
        "Pro_id": "53",
        "Pro_Name": "​Simple Green",
        "Pro_Description": "Simple Green Clean Building Cleaner Concentrate - Liquid 1 gal Bottle Pk of 2",
        "Pro_Price": "$31.37",
        "Pro_Img": "./images/product-image/p53.png"
      },
      {
        "Pro_id": "54",
        "Pro_Name": "TOUGH GUY Toilet Bowl Cleaner​",
        "Pro_Description": "TOUGH GUY Toilet Bowl Cleane Bottle, 32 oz Container Size, Ready to Use, Liquid, Mint $7.47/ each​ Min. qty. of 12​",
        "Pro_Price": "$7.47",
        "Pro_Img": "./images/product-image/p54.jpg"
      },
      {
        "Pro_id": "55",
        "Pro_Name": "DIVERSEY Disinfectant Cleaner​",
        "Pro_Description": "DIVERSEY Disinfectant Cleaner Jug, 1.5 gal Container Size, Ready to Use, Liquid, Fresh, 4 PK",
        "Pro_Price": "$144.73",
        "Pro_Img": "./images/product-image/p55.jpg"
      }
    ]
  },
  {
    "id": "14",
    "name": "Window & Glass Care​​​​​",
    "data": [
      {
        "Pro_id": "56",
        "Pro_Name": "Low Temp Detergent​",
        "Pro_Description": "Advantage Chemicals 5 gallon / 640 oz. Low Temperature Concentrated Dish Washing Machine Detergent",
        "Pro_Price": "$50.49",
        "Pro_Img": "./images/product-image/p56.png"
      },
      {
        "Pro_id": "57",
        "Pro_Name": "RENEWABLE LUBRICANTS​",
        "Pro_Description": "RENEWABLE LUBRICANTS Food Grade Cleaner: Water Based, Jug, 1 gal Container Size, Concentrated C1",
        "Pro_Price": "$99.53",
        "Pro_Img": "./images/product-image/p57.jpg"
      },
      {
        "Pro_id": "58",
        "Pro_Name": "Power Liquid​",
        "Pro_Description": "Noble Chemical 1 Gallon / 128 oz. Power Concentrated Liquid Dish Washing Machine Detergent - 4/Case",
        "Pro_Price": "$94.99",
        "Pro_Img": "./images/product-image/p58.jpg"
      },
      {
        "Pro_id": "59",
        "Pro_Name": "3M Food Service Degreaser​",
        "Pro_Description": "3M Food Service Degreaser: 7A, Fits Flow Control Dispenser Series, 0.5 gal, Unscented",
        "Pro_Price": "$257.17",
        "Pro_Img": "./images/product-image/p59.png"
      }
    ]
  }
]
