[
  {
    "id": "1",
    "name": "Handyman solutions department",
    "data": [
      {
        "heading": "Handyman solution",
        "details": "",
        "img": "./images/services-image/fm.jpg"
      }
    ]
  },
  {
    "id": "2",
    "name": "Assembly department",
    "data": [
      {
        "heading": "Assembly department",
        "details": "",
        "img": "./images/services-image/fm.jpg"
      }
    ]
  },
  {
    "id": "3",
    "name": "Attic installation and repair department",
    "data": [
      {
        "heading": "Attic installation",
        "details": "",
        "img": "./images/services-image/fm.jpg"
      }
    ]
  },
  {
    "id": "4",
    "name": "Carpentry installation and repair department",
    "data": [
      {
        "heading": "Carpentry installation",
        "details": "",
        "img": "./images/services-image/fm.jpg"
      }
    ]
  },
  {
    "id": "5",
    "name": "Floor installation and repair department",
    "data": [
      {
        "heading": "Floor installation",
        "details": "",
        "img": "./images/services-image/fm.jpg"
      }
    ]
  },
  {
    "id": "6",
    "name": "Remodeling department",
    "data": [
      {
        "heading": "Remodeling department",
        "details": "",
        "img": "./images/services-image/fm.jpg"
      }
    ]
  },
  {
    "id": "7",
    "name": "Handyman department",
    "data": [
      {
        "heading": "Handyman department",
        "details": "",
        "img": "./images/services-image/fm.jpg"
      }
    ]
  },
  {
    "id": "8",
    "name": "Junk removal and hauling department",
    "data": [
      {
        "heading": "Junk removal",
        "details": "",
        "img": "./images/services-image/fm.jpg"
      }
    ]
  },
  {
    "id": "9",
    "name": "Lawn maintenance departmen",
    "data": [
      {
        "heading": "Lawn maintenance",
        "details": "",
        "img": "./images/services-image/fm.jpg"
      }
    ]
  },
  {
    "id": "10",
    "name": "Flower and garden bed maintenance department",
    "data": [
      {
        "heading": "Flower and garden",
        "details": "",
        "img": "./images/services-image/fm.jpg"
      }
    ]
  },
  {
    "id": "11",
    "name": "Landscape design and installation",
    "data": [
      {
        "heading": "Landscape design",
        "details": "",
        "img": "./images/services-image/fm.jpg"
      }
    ]
  },
  {
    "id": "12",
    "name": "Grounds maintenance department",
    "data": [
      {
        "heading": "Grounds maintenance",
        "details": "",
        "img": "./images/services-image/fm.jpg"
      }
    ]
  },
  {
    "id": "13",
    "name": "Lawn care department",
    "data": [
      {
        "heading": "Lawn care",
        "details": "",
        "img": "./images/services-image/fm.jpg"
      }
    ]
  },
  {
    "id": "14",
    "name": "Tree and shrub maintenance department",
    "data": [
      {
        "heading": "Tree and shrub",
        "details": "",
        "img": "./images/services-image/fm.jpg"
      }
    ]
  },
  {
    "id": "15",
    "name": "Fertilization, weed and pest department",
    "data": [
      {
        "heading": "Fertilization",
        "details": "",
        "img": "./images/services-image/fm.jpg"
      }
    ]
  },
  {
    "id": "16",
    "name": "Porter and matron department",
    "data": [
      {
        "heading": "Porter and matron",
        "details": "",
        "img": "./images/services-image/fm.jpg"
      }
    ]
  },
  {
    "id": "17",
    "name": "Janitorial department",
    "data": [
      {
        "heading": "Janitorial department",
        "details": "",
        "img": "./images/services-image/fm.jpg"
      }
    ]
  },
  {
    "id": "18",
    "name": "Window cleaning department",
    "data": [
      {
        "heading": "Window cleaning",
        "details": "",
        "img": "./images/services-image/fm.jpg"
      }
    ]
  },
  {
    "id": "19",
    "name": "Pressure washing department",
    "data": [
      {
        "heading": "Pressure washing",
        "details": "",
        "img": "./images/services-image/fm.jpg"
      }
    ]
  },
  {
    "id": "20",
    "name": "Specialty cleaning department",
    "data": [
      {
        "heading": "Specialty cleaning",
        "details": "",
        "img": "./images/services-image/fm.jpg"
      }
    ]
  },
  {
    "id": "21",
    "name": "Steel and polishing department",
    "data": [
      {
        "heading": "Steel and polishing",
        "details": "",
        "img": "./images/services-image/fm.jpg"
      }
    ]
  },
  {
    "id": "22",
    "name": "Garbage /trash can cleaning",
    "data": [
      {
        "heading": "",
        "details": "",
        "img": "./images/services-image/fm.jpg"
      }
    ]
  },
  {
    "id": "23",
    "name": "Exclusive services department",
    "data": [
      {
        "heading": "",
        "details": "",
        "img": "./images/services-image/fm.jpg"
      }
    ]
  },
  {
    "id": "24",
    "name": "Infectious disease cleaning department",
    "data": [
      {
        "heading": "",
        "details": "",
        "img": "./images/services-image/fm.jpg"
      }
    ]
  },
  {
    "id": "25",
    "name": "Florida disaster recovery department",
    "data": [
      {
        "heading": "",
        "details": "",
        "img": "./images/services-image/fm.jpg"
      }
    ]
  },
  {
    "id": "26",
    "name": "Valet trash pickup department",
    "data": [
      {
        "heading": "",
        "details": "",
        "img": "./images/services-image/fm.jpg"
      }
    ]
  },
  {
    "id": "27",
    "name": "Parking lot cleaning department",
    "data": [
      {
        "heading": "",
        "details": "",
        "img": "./images/services-image/fm.jpg"
      }
    ]
  },
  {
    "id": "28",
    "name": "Floor service department",
    "data": [
      {
        "heading": "",
        "details": "",
        "img": "./images/services-image/fm.jpg"
      }
    ]
  },
  {
    "id": "29",
    "name": "Exterior painting department",
    "data": [
      {
        "heading": "",
        "details": "",
        "img": "./images/services-image/fm.jpg"
      }
    ]
  },
  {
    "id": "30",
    "name": "Wallpaper department",
    "data": [
      {
        "heading": "",
        "details": "",
        "img": "./images/services-image/fm.jpg"
      }
    ]
  }
]
